timestamp,src_ip,dst_ip,src_name,dst_name,src_type,dst_type,src_vlan,dst_vlan,bytes,delay_ms,hops,status,loss_reason
0.0,10.1.0.0,10.128.0.10,Client_0,EXAM_SERVER,pc,server,101,128,1500,5.326193540341795,4,delivered,none
0.06,10.1.1.0,10.128.0.20,Client_1,EMAIL_SERVER,pc,server,102,128,1500,4.674910898264901,4,delivered,none
0.12,10.1.2.0,10.128.0.30,Client_2,CLOUD_SERVER,pc,server,103,128,1500,4.817558648672417,5,delivered,none
0.18,10.1.3.0,10.128.0.10,Client_3,EXAM_SERVER,pc,server,104,128,1500,5.241915814585292,4,delivered,none
0.24,10.1.4.0,10.128.0.20,Client_4,EMAIL_SERVER,pc,server,105,128,1500,5.020784650718973,4,delivered,none
0.3,10.1.5.0,10.128.0.30,Client_5,CLOUD_SERVER,pc,server,106,128,1500,4.770258555661496,5,delivered,none
0.36,10.1.6.0,10.128.0.10,Client_6,EXAM_SERVER,pc,server,107,128,1500,6.529029442048678,4,delivered,none
0.42,10.1.7.0,10.128.0.20,Client_7,EMAIL_SERVER,pc,server,108,128,1500,5.5107505884919785,4,delivered,none
0.48,10.1.8.0,10.128.0.30,Client_8,CLOUD_SERVER,pc,server,101,128,1500,6.35105364373488,5,delivered,none
0.54,10.1.9.0,10.128.0.10,Client_9,EXAM_SERVER,pc,server,102,128,1500,4.333341665734655,4,delivered,none
0.6,10.1.10.0,10.128.0.20,Client_10,EMAIL_SERVER,pc,server,103,128,1500,5.456666749942424,4,delivered,none
0.6599999999999999,10.1.11.0,10.128.0.30,Client_11,CLOUD_SERVER,pc,server,104,128,1500,4.3653627391307115,4,delivered,none
0.72,10.1.12.0,10.128.0.10,Client_12,EXAM_SERVER,pc,server,105,128,1500,5.24038522798165,4,delivered,none
0.78,10.1.13.0,10.128.0.20,Client_13,EMAIL_SERVER,pc,server,106,128,1500,5.967528240260222,4,delivered,none
0.84,10.1.14.0,10.128.0.30,Client_14,CLOUD_SERVER,pc,server,107,128,1500,6.178395033625444,5,delivered,none
0.8999999999999999,10.1.15.0,10.128.0.10,Client_15,EXAM_SERVER,pc,server,108,128,1500,5.941675599281201,4,delivered,none
0.96,10.1.16.0,10.128.0.20,Client_16,EMAIL_SERVER,pc,server,101,128,1500,4.705262454296477,4,delivered,none
1.02,10.1.17.0,10.128.0.30,Client_17,CLOUD_SERVER,pc,server,102,128,1500,7.036162282320085,5,delivered,none
1.08,10.1.18.0,10.128.0.10,Client_18,EXAM_SERVER,pc,server,103,128,1500,5.4487047904019095,4,delivered,none
1.14,10.1.19.0,10.128.0.20,Client_19,EMAIL_SERVER,pc,server,104,128,1500,3.971687872171082,4,delivered,none
1.2,10.1.20.0,10.128.0.30,Client_20,CLOUD_SERVER,pc,server,105,128,1500,6.0621626165652245,5,delivered,none
1.26,10.1.21.0,10.128.0.10,Client_21,EXAM_SERVER,pc,server,106,128,1500,5.388071841864485,5,delivered,none
1.3199999999999998,10.1.22.0,10.128.0.20,Client_22,EMAIL_SERVER,pc,server,107,128,1500,5.478292756681,4,delivered,none
1.38,10.1.23.0,10.128.0.30,Client_23,CLOUD_SERVER,pc,server,108,128,1500,4.3023221092750275,4,delivered,none
1.44,10.1.24.0,10.128.0.10,Client_24,EXAM_SERVER,pc,server,101,128,1500,5.963775210724361,4,delivered,none
1.5,10.1.25.0,10.128.0.20,Client_25,EMAIL_SERVER,pc,server,102,128,1500,4.894899489697828,4,delivered,none
1.56,10.1.26.0,10.128.0.30,Client_26,CLOUD_SERVER,pc,server,103,128,1500,5.845543835862472,4,delivered,none
1.6199999999999999,10.1.27.0,10.128.0.10,Client_27,EXAM_SERVER,pc,server,104,128,1500,4.79990434538192,4,delivered,none
1.68,10.1.28.0,10.128.0.20,Client_28,EMAIL_SERVER,pc,server,105,128,1500,5.248873743439382,4,delivered,none
1.74,10.1.29.0,10.128.0.30,Client_29,CLOUD_SERVER,pc,server,106,128,1500,5.263304159517574,4,delivered,none
1.7999999999999998,10.1.30.0,10.128.0.10,Client_30,EXAM_SERVER,pc,server,107,128,1500,4.396194197344787,4,delivered,none
1.8599999999999999,10.1.31.0,10.128.0.20,Client_31,EMAIL_SERVER,pc,server,108,128,1500,5.155538711018348,4,delivered,none
1.92,10.1.32.0,10.128.0.30,Client_32,CLOUD_SERVER,pc,server,101,128,1500,5.211320844444063,4,delivered,none
1.98,10.1.33.0,10.128.0.10,Client_33,EXAM_SERVER,pc,server,102,128,1500,4.384615995861223,4,delivered,none
2.04,10.1.34.0,10.128.0.20,Client_34,EMAIL_SERVER,pc,server,103,128,1500,4.629640081742127,4,delivered,none
2.1,10.1.35.0,10.128.0.30,Client_35,CLOUD_SERVER,pc,server,104,128,1500,2.933479797705435,2,delivered,none
2.16,10.1.36.0,10.128.0.10,Client_36,EXAM_SERVER,pc,server,105,128,1500,4.204980102976517,4,delivered,none
2.2199999999999998,10.1.37.0,10.128.0.20,Client_37,EMAIL_SERVER,pc,server,106,128,1500,4.459244672691669,4,delivered,none
2.28,10.1.38.0,10.128.0.30,Client_38,CLOUD_SERVER,pc,server,107,128,1500,5.372600239795565,4,delivered,none
2.34,10.1.39.0,10.128.0.10,Client_39,EXAM_SERVER,pc,server,108,128,1500,4.483856691883446,4,delivered,none
2.4,10.1.40.0,10.128.0.20,Client_40,EMAIL_SERVER,pc,server,101,128,1500,4.200785405338214,4,delivered,none
2.46,10.1.41.0,10.128.0.30,Client_41,CLOUD_SERVER,pc,server,102,128,1500,5.297007493523765,4,delivered,none
2.52,10.1.42.0,10.128.0.10,Client_42,EXAM_SERVER,pc,server,103,128,1500,4.802413830508354,5,delivered,none
2.58,10.1.43.0,10.128.0.20,Client_43,EMAIL_SERVER,pc,server,104,128,1500,5.550816980403321,4,delivered,none
2.6399999999999997,10.1.44.0,10.128.0.30,Client_44,CLOUD_SERVER,pc,server,105,128,1500,3.584609369123644,4,delivered,none
2.6999999999999997,10.1.45.0,10.128.0.10,Client_45,EXAM_SERVER,pc,server,106,128,1500,5.200232483344086,4,delivered,none
2.76,10.1.46.0,10.128.0.20,Client_46,EMAIL_SERVER,pc,server,107,128,1500,5.646949447198418,4,delivered,none
2.82,10.1.47.0,10.128.0.30,Client_47,CLOUD_SERVER,pc,server,108,128,1500,5.25042417912022,4,delivered,none
2.88,10.1.48.0,10.128.0.10,Client_48,EXAM_SERVER,pc,server,101,128,1500,5.3420233696970225,4,delivered,none
2.94,10.1.49.0,10.128.0.20,Client_49,EMAIL_SERVER,pc,server,102,128,1500,5.601359229063702,4,delivered,none
3.0,10.1.50.0,10.128.0.30,Client_50,CLOUD_SERVER,pc,server,103,128,1500,5.237204010749082,4,delivered,none
3.06,10.1.51.0,10.128.0.10,Client_51,EXAM_SERVER,pc,server,104,128,1500,4.5977014492751564,4,delivered,none
3.12,10.1.52.0,10.128.0.20,Client_52,EMAIL_SERVER,pc,server,105,128,1500,3.559602520691435,4,delivered,none
3.1799999999999997,10.1.53.0,10.128.0.30,Client_53,CLOUD_SERVER,pc,server,106,128,1500,4.070207270272504,4,delivered,none
3.2399999999999998,10.1.54.0,10.128.0.10,Client_54,EXAM_SERVER,pc,server,107,128,1500,5.473858536043266,5,delivered,none
3.3,10.1.55.0,10.128.0.20,Client_55,EMAIL_SERVER,pc,server,108,128,1500,5.696428193007868,4,delivered,none
3.36,10.1.56.0,10.128.0.30,Client_56,CLOUD_SERVER,pc,server,101,128,1500,4.80103373275594,4,delivered,none
3.42,10.1.57.0,10.128.0.10,Client_57,EXAM_SERVER,pc,server,102,128,1500,5.871988789310079,5,delivered,none
3.48,10.1.58.0,10.128.0.20,Client_58,EMAIL_SERVER,pc,server,103,128,1500,6.891433841079976,5,delivered,none
3.54,10.1.59.0,10.128.0.30,Client_59,CLOUD_SERVER,pc,server,104,128,1500,7.339211026445377,5,delivered,none
3.5999999999999996,10.1.60.0,10.128.0.10,Client_60,EXAM_SERVER,pc,server,105,128,1500,4.5959030787157005,4,delivered,none
3.6599999999999997,10.1.61.0,10.128.0.20,Client_61,EMAIL_SERVER,pc,server,106,128,1500,5.328802495263591,4,delivered,none
3.7199999999999998,10.1.62.0,10.128.0.30,Client_62,CLOUD_SERVER,pc,server,107,128,1500,4.247113939479727,4,delivered,none
3.78,10.1.63.0,10.128.0.10,Client_63,EXAM_SERVER,pc,server,108,128,1500,6.752294370362112,5,delivered,none
3.84,10.1.64.0,10.128.0.20,Client_64,EMAIL_SERVER,pc,server,101,128,1500,4.143534890177969,4,delivered,none
3.9,10.1.65.0,10.128.0.30,Client_65,CLOUD_SERVER,pc,server,102,128,1500,4.842725543761486,4,delivered,none
3.96,10.1.66.0,10.128.0.10,Client_66,EXAM_SERVER,pc,server,103,128,1500,5.025692257682519,4,delivered,none
4.02,10.1.67.0,10.128.0.20,Client_67,EMAIL_SERVER,pc,server,104,128,1500,5.0843885875374815,5,delivered,none
4.08,10.1.68.0,10.128.0.30,Client_68,CLOUD_SERVER,pc,server,105,128,1500,5.792844395039626,4,delivered,none
4.14,10.1.69.0,10.128.0.10,Client_69,EXAM_SERVER,pc,server,106,128,1500,5.147772167223678,4,delivered,none
4.2,10.1.70.0,10.128.0.20,Client_70,EMAIL_SERVER,pc,server,107,128,1500,5.668491057854029,5,delivered,none
4.26,10.1.71.0,10.128.0.30,Client_71,CLOUD_SERVER,pc,server,108,128,1500,5.07372304501905,4,delivered,none
4.32,10.1.72.0,10.128.0.10,Client_72,EXAM_SERVER,pc,server,101,128,1500,5.185147964253713,4,delivered,none
4.38,10.1.73.0,10.128.0.20,Client_73,EMAIL_SERVER,pc,server,102,128,1500,5.554893550886323,4,delivered,none
4.4399999999999995,10.1.74.0,10.128.0.30,Client_74,CLOUD_SERVER,pc,server,103,128,1500,5.1562981246924835,4,delivered,none
4.5,10.1.75.0,10.128.0.10,Client_75,EXAM_SERVER,pc,server,104,128,1500,2.7486223279842674,2,delivered,none
4.56,10.1.76.0,10.128.0.20,Client_76,EMAIL_SERVER,pc,server,105,128,1500,4.633915581911108,4,delivered,none
4.62,10.1.77.0,10.128.0.30,Client_77,CLOUD_SERVER,pc,server,106,128,1500,5.543950119922249,4,delivered,none
4.68,10.1.78.0,10.128.0.10,Client_78,EXAM_SERVER,pc,server,107,128,1500,4.120890763597792,4,delivered,none
4.74,10.1.79.0,10.128.0.20,Client_79,EMAIL_SERVER,pc,server,108,128,1500,4.899313011572006,4,delivered,none
4.8,10.1.80.0,10.128.0.30,Client_80,CLOUD_SERVER,pc,server,101,128,1500,4.619899678588732,4,delivered,none
4.859999999999999,10.1.81.0,10.128.0.10,Client_81,EXAM_SERVER,pc,server,102,128,1500,5.534976876905235,4,delivered,none
4.92,10.1.82.0,10.128.0.20,Client_82,EMAIL_SERVER,pc,server,103,128,1500,4.72729547432932,4,delivered,none
4.9799999999999995,10.1.83.0,10.128.0.30,Client_83,CLOUD_SERVER,pc,server,104,128,1500,5.26264369333011,5,delivered,none
5.04,10.1.84.0,10.128.0.10,Client_84,EXAM_SERVER,pc,server,105,128,1500,5.007382158526329,5,delivered,none
5.1,10.1.85.0,10.128.0.20,Client_85,EMAIL_SERVER,pc,server,106,128,1500,4.625798123260593,4,delivered,none
5.16,10.1.86.0,10.128.0.30,Client_86,CLOUD_SERVER,pc,server,107,128,1500,5.349907401768168,4,delivered,none
5.22,10.1.87.0,10.128.0.10,Client_87,EXAM_SERVER,pc,server,108,128,1500,4.831019487529309,4,delivered,none
5.279999999999999,10.1.88.0,10.128.0.20,Client_88,EMAIL_SERVER,pc,server,101,128,1500,5.250125763352021,4,delivered,none
5.34,10.1.89.0,10.128.0.30,Client_89,CLOUD_SERVER,pc,server,102,128,1500,4.580098800346754,4,delivered,none
5.3999999999999995,10.1.90.0,10.128.0.10,Client_90,EXAM_SERVER,pc,server,103,128,1500,1.7579929278922906,2,delivered,none
5.46,10.1.91.0,10.128.0.20,Client_91,EMAIL_SERVER,pc,server,104,128,1500,5.76547737615674,4,delivered,none
5.52,10.1.92.0,10.128.0.30,Client_92,CLOUD_SERVER,pc,server,105,128,1500,4.778196474572148,4,delivered,none
5.58,10.1.93.0,10.128.0.10,Client_93,EXAM_SERVER,pc,server,106,128,1500,5.488688175174343,4,delivered,none
5.64,10.1.94.0,10.128.0.20,Client_94,EMAIL_SERVER,pc,server,107,128,1500,5.7303355709945905,5,delivered,none
5.7,10.1.95.0,10.128.0.30,Client_95,CLOUD_SERVER,pc,server,108,128,1500,4.363888283081009,4,delivered,none
5.76,10.1.96.0,10.128.0.10,Client_96,EXAM_SERVER,pc,server,101,128,1500,4.718632126852207,4,delivered,none
5.819999999999999,10.1.97.0,10.128.0.20,Client_97,EMAIL_SERVER,pc,server,102,128,1500,5.269694453362992,4,delivered,none
5.88,10.1.98.0,10.128.0.30,Client_98,CLOUD_SERVER,pc,server,103,128,1500,4.816344205766093,5,delivered,none
5.9399999999999995,10.1.99.0,10.128.0.10,Client_99,EXAM_SERVER,pc,server,104,128,1500,4.140018145836029,4,delivered,none
6.0,10.1.100.0,10.128.0.20,Client_0,EMAIL_SERVER,pc,server,105,128,1500,5.5812643096629415,4,delivered,none
6.06,10.1.101.0,10.128.0.30,Client_1,CLOUD_SERVER,pc,server,106,128,1500,4.8164254246156,4,delivered,none
6.12,10.1.102.0,10.128.0.10,Client_2,EXAM_SERVER,pc,server,107,128,1500,4.633145577199039,5,delivered,none
6.18,10.1.103.0,10.128.0.20,Client_3,EMAIL_SERVER,pc,server,108,128,1500,6.487548982716027,4,delivered,none
6.24,10.1.104.0,10.128.0.30,Client_4,CLOUD_SERVER,pc,server,101,128,1500,4.095674973269775,4,delivered,none
6.3,10.1.105.0,10.128.0.10,Client_5,EXAM_SERVER,pc,server,102,128,1500,4.365651476373656,4,delivered,none
6.359999999999999,10.1.106.0,10.128.0.20,Client_6,EMAIL_SERVER,pc,server,103,128,1500,5.325866880085743,4,delivered,none
6.42,10.1.107.0,10.128.0.30,Client_7,CLOUD_SERVER,pc,server,104,128,1500,4.936200665215673,4,delivered,none
6.4799999999999995,10.1.108.0,10.128.0.10,Client_8,EXAM_SERVER,pc,server,105,128,1500,4.491531058469692,4,delivered,none
6.54,10.1.109.0,10.128.0.20,Client_9,EMAIL_SERVER,pc,server,106,128,1500,3.5337126983203015,4,delivered,none
6.6,10.1.110.0,10.128.0.30,Client_10,CLOUD_SERVER,pc,server,107,128,1500,5.364545095058423,4,delivered,none
6.66,10.1.111.0,10.128.0.10,Client_11,EXAM_SERVER,pc,server,108,128,1500,6.356731914190031,5,delivered,none
6.72,10.1.112.0,10.128.0.20,Client_12,EMAIL_SERVER,pc,server,101,128,1500,4.030409773321706,4,delivered,none
6.779999999999999,10.1.113.0,10.128.0.30,Client_13,CLOUD_SERVER,pc,server,102,128,1500,4.177110510515768,4,delivered,none
6.84,10.1.114.0,10.128.0.10,Client_14,EXAM_SERVER,pc,server,103,128,1500,4.325249270463247,4,delivered,none
6.8999999999999995,10.1.115.0,10.128.0.20,Client_15,EMAIL_SERVER,pc,server,104,128,1500,7.924831732242332,5,delivered,none
6.96,10.1.116.0,10.128.0.30,Client_16,CLOUD_SERVER,pc,server,105,128,1500,5.2104895917737695,4,delivered,none
7.02,10.1.117.0,10.128.0.10,Client_17,EXAM_SERVER,pc,server,106,128,1500,5.007093094051436,4,delivered,none
7.08,10.1.118.0,10.128.0.20,Client_18,EMAIL_SERVER,pc,server,107,128,1500,5.072036599396679,4,delivered,none
7.14,10.1.119.0,10.128.0.30,Client_19,CLOUD_SERVER,pc,server,108,128,1500,4.614021739489585,4,delivered,none
7.199999999999999,10.1.120.0,10.128.0.10,Client_20,EXAM_SERVER,pc,server,101,128,1500,4.9099463399585535,4,delivered,none
7.26,10.1.121.0,10.128.0.20,Client_21,EMAIL_SERVER,pc,server,102,128,1500,5.746374456020806,4,delivered,none
7.319999999999999,10.1.122.0,10.128.0.30,Client_22,CLOUD_SERVER,pc,server,103,128,1500,5.1030934514086015,4,delivered,none
7.38,10.1.123.0,10.128.0.10,Client_23,EXAM_SERVER,pc,server,104,128,1500,3.6079104366446084,4,delivered,none
7.4399999999999995,10.1.124.0,10.128.0.20,Client_24,EMAIL_SERVER,pc,server,105,128,1500,4.566564329400089,4,delivered,none
7.5,10.1.125.0,10.128.0.30,Client_25,CLOUD_SERVER,pc,server,106,128,1500,4.116050878345348,4,delivered,none
7.56,10.1.126.0,10.128.0.10,Client_26,EXAM_SERVER,pc,server,107,128,1500,4.955889745808306,4,delivered,none
7.62,10.1.127.0,10.128.0.20,Client_27,EMAIL_SERVER,pc,server,108,128,1500,5.8481788709475175,4,delivered,none
7.68,10.1.128.0,10.128.0.30,Client_28,CLOUD_SERVER,pc,server,101,128,1500,4.807407303822121,4,delivered,none
7.739999999999999,10.1.129.0,10.128.0.10,Client_29,EXAM_SERVER,pc,server,102,128,1500,6.957366912244039,5,delivered,none
7.8,10.1.130.0,10.128.0.20,Client_30,EMAIL_SERVER,pc,server,103,128,1500,4.010377400026003,4,delivered,none
7.859999999999999,10.1.131.0,10.128.0.30,Client_31,CLOUD_SERVER,pc,server,104,128,1500,5.6375896466827315,4,delivered,none
7.92,10.1.132.0,10.128.0.10,Client_32,EXAM_SERVER,pc,server,105,128,1500,4.776585576990779,4,delivered,none
7.9799999999999995,10.1.133.0,10.128.0.20,Client_33,EMAIL_SERVER,pc,server,106,128,1500,5.080469563383129,4,delivered,none
8.04,10.1.134.0,10.128.0.30,Client_34,CLOUD_SERVER,pc,server,107,128,1500,4.813925483157457,4,delivered,none
8.1,10.1.135.0,10.128.0.10,Client_35,EXAM_SERVER,pc,server,108,128,1500,4.820407086669141,4,delivered,none
8.16,10.1.136.0,10.128.0.20,Client_36,EMAIL_SERVER,pc,server,101,128,1500,5.488261385582189,4,delivered,none
8.219999999999999,10.1.137.0,10.128.0.30,Client_37,CLOUD_SERVER,pc,server,102,128,1500,6.020751865470945,4,delivered,none
8.28,10.1.138.0,10.128.0.10,Client_38,EXAM_SERVER,pc,server,103,128,1500,5.813504582262638,4,delivered,none
8.34,10.1.139.0,10.128.0.20,Client_39,EMAIL_SERVER,pc,server,104,128,1500,6.385120195827497,5,delivered,none
8.4,10.1.140.0,10.128.0.30,Client_40,CLOUD_SERVER,pc,server,105,128,1500,3.581291352771852,4,delivered,none
8.459999999999999,10.1.141.0,10.128.0.10,Client_41,EXAM_SERVER,pc,server,106,128,1500,4.260378853716608,4,delivered,none
8.52,10.1.142.0,10.128.0.20,Client_42,EMAIL_SERVER,pc,server,107,128,1500,4.706246517126995,4,delivered,none
8.58,10.1.143.0,10.128.0.30,Client_43,CLOUD_SERVER,pc,server,108,128,1500,4.887993231319484,4,delivered,none
8.64,10.1.144.0,10.128.0.10,Client_44,EXAM_SERVER,pc,server,101,128,1500,5.013339646356754,4,delivered,none
8.7,10.1.145.0,10.128.0.20,Client_45,EMAIL_SERVER,pc,server,102,128,1500,5.769353740128363,4,delivered,none
8.76,10.1.146.0,10.128.0.30,Client_46,CLOUD_SERVER,pc,server,103,128,1500,4.524423940959972,4,delivered,none
8.82,10.1.147.0,10.128.0.10,Client_47,EXAM_SERVER,pc,server,104,128,1500,6.157422576211447,4,delivered,none
8.879999999999999,10.1.148.0,10.128.0.20,Client_48,EMAIL_SERVER,pc,server,105,128,1500,4.4235764576203405,4,delivered,none
8.94,10.1.149.0,10.128.0.30,Client_49,CLOUD_SERVER,pc,server,106,128,1500,4.927572589338017,4,delivered,none
9.0,10.1.150.0,10.128.0.10,Client_50,EXAM_SERVER,pc,server,107,128,1500,5.763813085324399,5,delivered,none
9.06,10.1.151.0,10.128.0.20,Client_51,EMAIL_SERVER,pc,server,108,128,1500,5.405526570684275,5,delivered,none
9.12,10.1.152.0,10.128.0.30,Client_52,CLOUD_SERVER,pc,server,101,128,1500,5.712522310483051,4,delivered,none
9.18,10.1.153.0,10.128.0.10,Client_53,EXAM_SERVER,pc,server,102,128,1500,3.886770724434074,4,delivered,none
9.24,10.1.154.0,10.128.0.20,Client_54,EMAIL_SERVER,pc,server,103,128,1500,5.6583411035918845,5,delivered,none
9.299999999999999,10.1.155.0,10.128.0.30,Client_55,CLOUD_SERVER,pc,server,104,128,1500,5.44598742381981,4,delivered,none
9.36,10.1.156.0,10.128.0.10,Client_56,EXAM_SERVER,pc,server,105,128,1500,4.858880208122681,4,delivered,none
9.42,10.1.157.0,10.128.0.20,Client_57,EMAIL_SERVER,pc,server,106,128,1500,6.16292824576133,5,delivered,none
9.48,10.1.158.0,10.128.0.30,Client_58,CLOUD_SERVER,pc,server,107,128,1500,6.139743860705294,5,delivered,none
9.54,10.1.159.0,10.128.0.10,Client_59,EXAM_SERVER,pc,server,108,128,1500,4.30217248140008,4,delivered,none
9.6,10.1.160.0,10.128.0.20,Client_60,EMAIL_SERVER,pc,server,101,128,1500,4.411298475415798,4,delivered,none
9.66,10.1.161.0,10.128.0.30,Client_61,CLOUD_SERVER,pc,server,102,128,1500,5.422725242377245,4,delivered,none
9.719999999999999,10.1.162.0,10.128.0.10,Client_62,EXAM_SERVER,pc,server,103,128,1500,6.356054138726641,5,delivered,none
9.78,10.1.163.0,10.128.0.20,Client_63,EMAIL_SERVER,pc,server,104,128,1500,5.18875082108493,4,delivered,none
9.84,10.1.164.0,10.128.0.30,Client_64,CLOUD_SERVER,pc,server,105,128,1500,6.018789805206476,5,delivered,none
9.9,10.1.165.0,10.128.0.10,Client_65,EXAM_SERVER,pc,server,106,128,1500,5.935406012212141,5,delivered,none
9.959999999999999,10.1.166.0,10.128.0.20,Client_66,EMAIL_SERVER,pc,server,107,128,1500,3.6252629187373575,4,delivered,none
10.02,10.1.167.0,10.128.0.30,Client_67,CLOUD_SERVER,pc,server,108,128,1500,5.212021868543768,4,delivered,none
10.08,10.1.168.0,10.128.0.10,Client_68,EXAM_SERVER,pc,server,101,128,1500,4.001905637553411,4,delivered,none
10.139999999999999,10.1.169.0,10.128.0.20,Client_69,EMAIL_SERVER,pc,server,102,128,1500,4.598712183810405,4,delivered,none
10.2,10.1.170.0,10.128.0.30,Client_70,CLOUD_SERVER,pc,server,103,128,1500,5.735780370699555,5,delivered,none
10.26,10.1.171.0,10.128.0.10,Client_71,EXAM_SERVER,pc,server,104,128,1500,4.840469500375509,4,delivered,none
10.32,10.1.172.0,10.128.0.20,Client_72,EMAIL_SERVER,pc,server,105,128,1500,4.607448655833318,4,delivered,none
10.379999999999999,10.1.173.0,10.128.0.30,Client_73,CLOUD_SERVER,pc,server,106,128,1500,4.5726410121845475,4,delivered,none
10.44,10.1.174.0,10.128.0.10,Client_74,EXAM_SERVER,pc,server,107,128,1500,5.713377503447451,5,delivered,none
10.5,10.1.175.0,10.128.0.20,Client_75,EMAIL_SERVER,pc,server,108,128,1500,6.40905928081003,5,delivered,none
10.559999999999999,10.1.176.0,10.128.0.30,Client_76,CLOUD_SERVER,pc,server,101,128,1500,4.823787415582752,4,delivered,none
10.62,10.1.177.0,10.128.0.10,Client_77,EXAM_SERVER,pc,server,102,128,1500,4.980898585108063,5,delivered,none
10.68,10.1.178.0,10.128.0.20,Client_78,EMAIL_SERVER,pc,server,103,128,1500,3.488378035676176,4,delivered,none
10.74,10.1.179.0,10.128.0.30,Client_79,CLOUD_SERVER,pc,server,104,128,1500,6.354305570217448,4,delivered,none
10.799999999999999,10.1.180.0,10.128.0.10,Client_80,EXAM_SERVER,pc,server,105,128,1500,5.456938836412503,4,delivered,none
10.86,10.1.181.0,10.128.0.20,Client_81,EMAIL_SERVER,pc,server,106,128,1500,5.105521879719146,4,delivered,none
10.92,10.1.182.0,10.128.0.30,Client_82,CLOUD_SERVER,pc,server,107,128,1500,5.849401627930083,4,delivered,none
10.98,10.1.183.0,10.128.0.10,Client_83,EXAM_SERVER,pc,server,108,128,1500,5.335332355392513,4,delivered,none
11.04,10.1.184.0,10.128.0.20,Client_84,EMAIL_SERVER,pc,server,101,128,1500,3.283943673405394,2,delivered,none
11.1,10.1.185.0,10.128.0.30,Client_85,CLOUD_SERVER,pc,server,102,128,1500,4.411606514215289,4,delivered,none
11.16,10.1.186.0,10.128.0.10,Client_86,EXAM_SERVER,pc,server,103,128,1500,4.273274079015533,4,delivered,none
11.219999999999999,10.1.187.0,10.128.0.20,Client_87,EMAIL_SERVER,pc,server,104,128,1500,5.350994716978027,4,delivered,none
11.28,10.1.188.0,10.128.0.30,Client_88,CLOUD_SERVER,pc,server,105,128,1500,4.867532534747054,4,delivered,none
11.34,10.1.189.0,10.128.0.10,Client_89,EXAM_SERVER,pc,server,106,128,1500,4.55556952624796,4,delivered,none
11.4,10.1.190.0,10.128.0.20,Client_90,EMAIL_SERVER,pc,server,107,128,1500,4.797900232769456,4,delivered,none
11.459999999999999,10.1.191.0,10.128.0.30,Client_91,CLOUD_SERVER,pc,server,108,128,1500,4.69826174376029,4,delivered,none
11.52,10.1.192.0,10.128.0.10,Client_92,EXAM_SERVER,pc,server,101,128,1500,5.36609648798861,4,delivered,none
11.58,10.1.193.0,10.128.0.20,Client_93,EMAIL_SERVER,pc,server,102,128,1500,4.767955329111166,5,delivered,none
11.639999999999999,10.1.194.0,10.128.0.30,Client_94,CLOUD_SERVER,pc,server,103,128,1500,4.832887650365437,4,delivered,none
11.7,10.1.195.0,10.128.0.10,Client_95,EXAM_SERVER,pc,server,104,128,1500,6.698675646734947,5,delivered,none
11.76,10.1.196.0,10.128.0.20,Client_96,EMAIL_SERVER,pc,server,105,128,1500,6.101656274738447,4,delivered,none
11.82,10.1.197.0,10.128.0.30,Client_97,CLOUD_SERVER,pc,server,106,128,1500,5.48690337138343,5,delivered,none
11.879999999999999,10.1.198.0,10.128.0.10,Client_98,EXAM_SERVER,pc,server,107,128,1500,4.045826361323385,4,delivered,none
11.94,10.1.199.0,10.128.0.20,Client_99,EMAIL_SERVER,pc,server,108,128,1500,4.237410337301176,4,delivered,none
12.0,10.1.200.0,10.128.0.30,Client_0,CLOUD_SERVER,pc,server,101,128,1500,5.494304587651515,4,delivered,none
12.059999999999999,10.1.201.0,10.128.0.10,Client_1,EXAM_SERVER,pc,server,102,128,1500,3.558848399057556,4,delivered,none
12.12,10.1.202.0,10.128.0.20,Client_2,EMAIL_SERVER,pc,server,103,128,1500,5.136970838220214,4,delivered,none
12.18,10.1.203.0,10.128.0.30,Client_3,CLOUD_SERVER,pc,server,104,128,1500,4.1610977395535675,4,delivered,none
12.24,10.1.204.0,10.128.0.10,Client_4,EXAM_SERVER,pc,server,105,128,1500,4.032052376134862,4,delivered,none
12.299999999999999,10.1.205.0,10.128.0.20,Client_5,EMAIL_SERVER,pc,server,106,128,1500,5.526686795052608,4,delivered,none
12.36,10.1.206.0,10.128.0.30,Client_6,CLOUD_SERVER,pc,server,107,128,1500,5.040714103743602,4,delivered,none
12.42,10.1.207.0,10.128.0.10,Client_7,EXAM_SERVER,pc,server,108,128,1500,5.043852104649781,4,delivered,none
12.48,10.1.208.0,10.128.0.20,Client_8,EMAIL_SERVER,pc,server,101,128,1500,5.720813165932041,4,delivered,none
12.54,10.1.209.0,10.128.0.30,Client_9,CLOUD_SERVER,pc,server,102,128,1500,3.8400791741107545,4,delivered,none
12.6,10.1.210.0,10.128.0.10,Client_10,EXAM_SERVER,pc,server,103,128,1500,3.9396270379064355,4,delivered,none
12.66,10.1.211.0,10.128.0.20,Client_11,EMAIL_SERVER,pc,server,104,128,1500,4.299862452174642,4,delivered,none
12.719999999999999,10.1.212.0,10.128.0.30,Client_12,CLOUD_SERVER,pc,server,105,128,1500,4.699279436609306,4,delivered,none
12.78,10.1.213.0,10.128.0.10,Client_13,EXAM_SERVER,pc,server,106,128,1500,4.7353364808407905,4,delivered,none
12.84,10.1.214.0,10.128.0.20,Client_14,EMAIL_SERVER,pc,server,107,128,1500,4.568789904254133,4,delivered,none
12.9,10.1.215.0,10.128.0.30,Client_15,CLOUD_SERVER,pc,server,108,128,1500,3.5828215620407464,4,delivered,none
12.959999999999999,10.1.216.0,10.128.0.10,Client_16,EXAM_SERVER,pc,server,101,128,1500,4.225369092846973,4,delivered,none
13.02,10.1.217.0,10.128.0.20,Client_17,EMAIL_SERVER,pc,server,102,128,1500,5.666097394831351,4,delivered,none
13.08,10.1.218.0,10.128.0.30,Client_18,CLOUD_SERVER,pc,server,103,128,1500,5.871606507737685,4,delivered,none
13.139999999999999,10.1.219.0,10.128.0.10,Client_19,EXAM_SERVER,pc,server,104,128,1500,4.602131282079898,5,delivered,none
13.2,10.1.220.0,10.128.0.20,Client_20,EMAIL_SERVER,pc,server,105,128,1500,4.858517433941142,4,delivered,none
13.26,10.1.221.0,10.128.0.30,Client_21,CLOUD_SERVER,pc,server,106,128,1500,3.8715427974245338,3,delivered,none
13.32,10.1.222.0,10.128.0.10,Client_22,EXAM_SERVER,pc,server,107,128,1500,5.171385449550428,4,delivered,none
13.379999999999999,10.1.223.0,10.128.0.20,Client_23,EMAIL_SERVER,pc,server,108,128,1500,4.723541423484999,4,delivered,none
13.44,10.1.224.0,10.128.0.30,Client_24,CLOUD_SERVER,pc,server,101,128,1500,6.468534968774833,5,delivered,none
13.5,10.1.225.0,10.128.0.10,Client_25,EXAM_SERVER,pc,server,102,128,1500,5.62102232072807,4,delivered,none
13.559999999999999,10.1.226.0,10.128.0.20,Client_26,EMAIL_SERVER,pc,server,103,128,1500,4.396094089862803,4,delivered,none
13.62,10.1.227.0,10.128.0.30,Client_27,CLOUD_SERVER,pc,server,104,128,1500,5.868212802256817,4,delivered,none
13.68,10.1.228.0,10.128.0.10,Client_28,EXAM_SERVER,pc,server,105,128,1500,4.709905801572765,4,delivered,none
13.74,10.1.229.0,10.128.0.20,Client_29,EMAIL_SERVER,pc,server,106,128,1500,4.323276735232547,4,delivered,none
13.799999999999999,10.1.230.0,10.128.0.30,Client_30,CLOUD_SERVER,pc,server,107,128,1500,5.5595099595107085,4,delivered,none
13.86,10.1.231.0,10.128.0.10,Client_31,EXAM_SERVER,pc,server,108,128,1500,6.991187976678603,5,delivered,none
13.92,10.1.232.0,10.128.0.20,Client_32,EMAIL_SERVER,pc,server,101,128,1500,5.21417992529252,5,delivered,none
13.979999999999999,10.1.233.0,10.128.0.30,Client_33,CLOUD_SERVER,pc,server,102,128,1500,5.943955788843898,4,delivered,none
14.04,10.1.234.0,10.128.0.10,Client_34,EXAM_SERVER,pc,server,103,128,1500,5.4995050275788575,4,delivered,none
14.1,10.1.235.0,10.128.0.20,Client_35,EMAIL_SERVER,pc,server,104,128,1500,4.919378018605785,4,delivered,none
14.16,10.1.236.0,10.128.0.30,Client_36,CLOUD_SERVER,pc,server,105,128,1500,4.682641286614949,4,delivered,none
14.219999999999999,10.1.237.0,10.128.0.10,Client_37,EXAM_SERVER,pc,server,106,128,1500,6.954690003865371,5,delivered,none
14.28,10.1.238.0,10.128.0.20,Client_38,EMAIL_SERVER,pc,server,107,128,1500,4.901097350365093,4,delivered,none
14.34,10.1.239.0,10.128.0.30,Client_39,CLOUD_SERVER,pc,server,108,128,1500,4.680670061612051,4,delivered,none
14.399999999999999,10.1.240.0,10.128.0.10,Client_40,EXAM_SERVER,pc,server,101,128,1500,4.526575612274433,4,delivered,none
14.459999999999999,10.1.241.0,10.128.0.20,Client_41,EMAIL_SERVER,pc,server,102,128,1500,2.5981469417651146,2,delivered,none
14.52,10.1.242.0,10.128.0.30,Client_42,CLOUD_SERVER,pc,server,103,128,1500,5.024609642184078,4,delivered,none
14.58,10.1.243.0,10.128.0.10,Client_43,EXAM_SERVER,pc,server,104,128,1500,3.935072116765064,4,delivered,none
14.639999999999999,10.1.244.0,10.128.0.20,Client_44,EMAIL_SERVER,pc,server,105,128,1500,4.684350326106264,4,delivered,none
14.7,10.1.245.0,10.128.0.30,Client_45,CLOUD_SERVER,pc,server,106,128,1500,4.534289153394005,4,delivered,none
14.76,10.1.246.0,10.128.0.10,Client_46,EXAM_SERVER,pc,server,107,128,1500,4.155966310004736,4,delivered,none
14.82,10.1.247.0,10.128.0.20,Client_47,EMAIL_SERVER,pc,server,108,128,1500,5.12323280167703,4,delivered,none
14.879999999999999,10.1.248.0,10.128.0.30,Client_48,CLOUD_SERVER,pc,server,101,128,1500,4.6982358095158965,4,delivered,none
14.94,10.1.249.0,10.128.0.10,Client_49,EXAM_SERVER,pc,server,102,128,1500,4.774122695416159,4,delivered,none
15.0,10.1.250.0,10.128.0.20,Client_50,EMAIL_SERVER,pc,server,103,128,1500,5.430778018989006,4,delivered,none
15.059999999999999,10.1.251.0,10.128.0.30,Client_51,CLOUD_SERVER,pc,server,104,128,1500,4.61315827670539,4,delivered,none
15.12,10.1.252.0,10.128.0.10,Client_52,EXAM_SERVER,pc,server,105,128,1500,5.016526961350973,4,delivered,none
15.18,10.1.253.0,10.128.0.20,Client_53,EMAIL_SERVER,pc,server,106,128,1500,5.542886102868437,4,delivered,none
15.24,10.1.254.0,10.128.0.30,Client_54,CLOUD_SERVER,pc,server,107,128,1500,5.075804374731206,4,delivered,none
15.299999999999999,10.1.255.0,10.128.0.10,Client_55,EXAM_SERVER,pc,server,108,128,1500,5.967785788937326,4,delivered,none
15.36,10.1.0.1,10.128.0.20,Client_56,EMAIL_SERVER,pc,server,101,128,1500,4.158335955049632,4,delivered,none
15.42,10.1.1.1,10.128.0.30,Client_57,CLOUD_SERVER,pc,server,102,128,1500,5.336044532917441,4,delivered,none
15.479999999999999,10.1.2.1,10.128.0.10,Client_58,EXAM_SERVER,pc,server,103,128,1500,4.639464525585676,4,delivered,none
15.54,10.1.3.1,10.128.0.20,Client_59,EMAIL_SERVER,pc,server,104,128,1500,2.3445616713041892,2,delivered,none
15.6,10.1.4.1,10.128.0.30,Client_60,CLOUD_SERVER,pc,server,105,128,1500,5.910959926852675,5,delivered,none
15.66,10.1.5.1,10.128.0.10,Client_61,EXAM_SERVER,pc,server,106,128,1500,5.025971874076527,4,delivered,none
15.719999999999999,10.1.6.1,10.128.0.20,Client_62,EMAIL_SERVER,pc,server,107,128,1500,5.4712554298729135,4,delivered,none
15.78,10.1.7.1,10.128.0.30,Client_63,CLOUD_SERVER,pc,server,108,128,1500,6.685105071753783,5,delivered,none
15.84,10.1.8.1,10.128.0.10,Client_64,EXAM_SERVER,pc,server,101,128,1500,7.4343004114338385,5,delivered,none
15.899999999999999,10.1.9.1,10.128.0.20,Client_65,EMAIL_SERVER,pc,server,102,128,1500,5.147618371986998,4,delivered,none
15.959999999999999,10.1.10.1,10.128.0.30,Client_66,CLOUD_SERVER,pc,server,103,128,1500,4.910201138738993,4,delivered,none
16.02,10.1.11.1,10.128.0.10,Client_67,EXAM_SERVER,pc,server,104,128,1500,4.6115318017262705,4,dropped,link_loss
16.08,10.1.12.1,10.128.0.20,Client_68,EMAIL_SERVER,pc,server,105,128,1500,2.29150583316011,5,dropped,link_loss
16.14,10.1.13.1,10.128.0.10,Client_69,EXAM_SERVER,pc,server,106,128,1500,4.827621418643282,3,dropped,link_loss
16.2,10.1.14.1,10.128.0.20,Client_70,EMAIL_SERVER,pc,server,107,128,1500,2.9111593810558825,4,dropped,link_loss
16.259999999999998,10.1.15.1,10.128.0.10,Client_71,EXAM_SERVER,pc,server,108,128,1500,1.503331906178925,4,dropped,link_loss
16.32,10.1.16.1,10.128.0.20,Client_72,EMAIL_SERVER,pc,server,101,128,1500,4.221789924570594,4,dropped,link_loss
16.38,10.1.17.1,10.128.0.10,Client_73,EXAM_SERVER,pc,server,102,128,1500,1.9022073644164181,3,dropped,link_loss
16.439999999999998,10.1.18.1,10.128.0.20,Client_74,EMAIL_SERVER,pc,server,103,128,1500,3.9727409510251634,6,dropped,link_loss
16.5,10.1.19.1,10.128.0.10,Client_75,EXAM_SERVER,pc,server,104,128,1500,2.1291991140519952,3,dropped,link_loss
16.56,10.1.20.1,10.128.0.20,Client_76,EMAIL_SERVER,pc,server,105,128,1500,1.9991151757902919,5,dropped,link_loss
16.62,10.1.21.1,10.128.0.10,Client_77,EXAM_SERVER,pc,server,106,128,1500,1.7385070243486842,5,dropped,link_loss
16.68,10.1.22.1,10.128.0.20,Client_78,EMAIL_SERVER,pc,server,107,128,1500,2.3145030352610485,6,dropped,link_loss
16.74,10.1.23.1,10.128.0.10,Client_79,EXAM_SERVER,pc,server,108,128,1500,3.673425453626652,5,dropped,link_loss
16.8,10.1.24.1,10.128.0.20,Client_80,EMAIL_SERVER,pc,server,101,128,1500,4.039574471102123,4,dropped,link_loss
16.86,10.1.25.1,10.128.0.10,Client_81,EXAM_SERVER,pc,server,102,128,1500,2.3117760545617623,5,dropped,link_loss
16.919999999999998,10.1.26.1,10.128.0.20,Client_82,EMAIL_SERVER,pc,server,103,128,1500,3.6448073132402,3,dropped,link_loss
16.98,10.1.27.1,10.128.0.10,Client_83,EXAM_SERVER,pc,server,104,128,1500,3.991743770420984,6,dropped,link_loss
17.04,10.1.28.1,10.128.0.20,Client_84,EMAIL_SERVER,pc,server,105,128,1500,3.527520896435333,4,dropped,link_loss
17.099999999999998,10.1.29.1,10.128.0.10,Client_85,EXAM_SERVER,pc,server,106,128,1500,4.918122475808039,3,dropped,link_loss
17.16,10.1.30.1,10.128.0.20,Client_86,EMAIL_SERVER,pc,server,107,128,1500,1.5718178640195921,3,dropped,link_loss
17.22,10.1.31.1,10.128.0.10,Client_87,EXAM_SERVER,pc,server,108,128,1500,4.341516369425422,4,dropped,link_loss
17.28,10.1.32.1,10.128.0.20,Client_88,EMAIL_SERVER,pc,server,101,128,1500,1.6475408195484755,5,dropped,link_loss
17.34,10.1.33.1,10.128.0.10,Client_89,EXAM_SERVER,pc,server,102,128,1500,1.046850042703352,6,dropped,link_loss
17.4,10.1.34.1,10.128.0.20,Client_90,EMAIL_SERVER,pc,server,103,128,1500,2.9353794413113725,5,dropped,link_loss
17.46,10.1.35.1,10.128.0.10,Client_91,EXAM_SERVER,pc,server,104,128,1500,1.7509930619213852,6,dropped,link_loss
17.52,10.1.36.0,10.128.0.30,Client_92,CLOUD_SERVER,pc,server,105,128,1500,0.0,0,dropped,acl_blocked
17.58,10.1.37.0,10.128.0.30,Client_93,INTERNET,pc,server,106,128,1500,0.0,0,dropped,acl_blocked
17.64,10.1.38.0,10.128.0.30,Client_94,CLOUD_SERVER,pc,server,107,128,1500,0.0,0,dropped,acl_blocked
17.7,10.1.39.0,10.128.0.30,Client_95,INTERNET,pc,server,108,128,1500,0.0,0,dropped,acl_blocked
17.759999999999998,10.1.40.0,10.128.0.30,Client_96,CLOUD_SERVER,pc,server,101,128,1500,0.0,0,dropped,acl_blocked
17.82,10.1.41.0,10.128.0.30,Client_97,INTERNET,pc,server,102,128,1500,0.0,0,dropped,acl_blocked
17.88,10.1.42.0,10.128.0.30,Client_98,CLOUD_SERVER,pc,server,103,128,1500,0.0,0,dropped,acl_blocked
17.939999999999998,10.1.43.0,10.128.0.30,Client_99,INTERNET,pc,server,104,128,1500,0.0,0,dropped,acl_blocked
18.0,10.1.44.0,10.128.0.30,Client_0,CLOUD_SERVER,pc,server,105,128,1500,0.0,0,dropped,acl_blocked
18.06,10.1.45.0,10.128.0.30,Client_1,INTERNET,pc,server,106,128,1500,0.0,0,dropped,acl_blocked
18.12,10.1.46.0,10.128.0.30,Client_2,CLOUD_SERVER,pc,server,107,128,1500,0.0,0,dropped,acl_blocked
18.18,10.1.47.0,10.128.0.30,Client_3,INTERNET,pc,server,108,128,1500,0.0,0,dropped,acl_blocked
18.24,10.1.48.0,10.128.0.30,Client_4,CLOUD_SERVER,pc,server,101,128,1500,0.0,0,dropped,acl_blocked
18.3,10.1.49.0,10.128.0.30,Client_5,INTERNET,pc,server,102,128,1500,0.0,0,dropped,acl_blocked
18.36,10.1.50.0,10.128.0.30,Client_6,CLOUD_SERVER,pc,server,103,128,1500,0.0,0,dropped,acl_blocked
18.419999999999998,10.1.51.0,10.128.0.30,Client_7,INTERNET,pc,server,104,128,1500,0.0,0,dropped,acl_blocked
18.48,10.1.52.0,10.128.0.30,Client_8,CLOUD_SERVER,pc,server,105,128,1500,0.0,0,dropped,acl_blocked
18.54,10.1.53.0,10.128.0.30,Client_9,INTERNET,pc,server,106,128,1500,0.0,0,dropped,acl_blocked
18.599999999999998,10.1.54.0,10.128.0.30,Client_10,CLOUD_SERVER,pc,server,107,128,1500,0.0,0,dropped,acl_blocked
18.66,10.1.55.0,10.128.0.30,Client_11,INTERNET,pc,server,108,128,1500,0.0,0,dropped,acl_blocked
18.72,10.1.56.0,10.128.0.30,Client_12,CLOUD_SERVER,pc,server,101,128,1500,0.0,0,dropped,acl_blocked
18.779999999999998,10.1.57.0,10.128.0.30,Client_13,INTERNET,pc,server,102,128,1500,0.0,0,dropped,acl_blocked
18.84,10.1.58.0,10.128.0.30,Client_14,CLOUD_SERVER,pc,server,103,128,1500,0.0,0,dropped,acl_blocked
18.9,10.1.59.0,10.128.0.30,Client_15,INTERNET,pc,server,104,128,1500,0.0,0,dropped,acl_blocked
18.96,10.1.60.0,10.128.0.30,Client_16,CLOUD_SERVER,pc,server,105,128,1500,0.0,0,dropped,acl_blocked
19.02,10.1.61.0,10.128.0.30,Client_17,INTERNET,pc,server,106,128,1500,0.0,0,dropped,acl_blocked
19.08,10.1.62.0,10.128.0.30,Client_18,CLOUD_SERVER,pc,server,107,128,1500,0.0,0,dropped,acl_blocked
19.14,10.1.63.0,10.128.0.30,Client_19,INTERNET,pc,server,108,128,1500,0.0,0,dropped,acl_blocked
19.2,10.1.64.0,10.128.0.30,Client_20,CLOUD_SERVER,pc,server,101,128,1500,0.0,0,dropped,acl_blocked
19.259999999999998,10.1.65.0,10.128.0.30,Client_21,INTERNET,pc,server,102,128,1500,0.0,0,dropped,acl_blocked
19.32,10.1.66.0,10.128.0.30,Client_22,CLOUD_SERVER,pc,server,103,128,1500,0.0,0,dropped,acl_blocked
19.38,10.1.67.0,10.128.0.30,Client_23,INTERNET,pc,server,104,128,1500,0.0,0,dropped,acl_blocked
19.439999999999998,10.1.68.0,10.128.0.30,Client_24,CLOUD_SERVER,pc,server,105,128,1500,0.0,0,dropped,acl_blocked
19.5,10.1.69.0,10.128.0.30,Client_25,INTERNET,pc,server,106,128,1500,0.0,0,dropped,acl_blocked
19.56,10.1.70.0,10.128.0.30,Client_26,CLOUD_SERVER,pc,server,107,128,1500,0.0,0,dropped,acl_blocked
19.62,10.1.71.0,10.128.0.30,Client_27,INTERNET,pc,server,108,128,1500,0.0,0,dropped,acl_blocked
19.68,10.1.72.0,10.128.0.30,Client_28,CLOUD_SERVER,pc,server,101,128,1500,0.0,0,dropped,acl_blocked
19.74,10.1.73.0,10.128.0.30,Client_29,INTERNET,pc,server,102,128,1500,0.0,0,dropped,acl_blocked
19.8,10.1.74.0,10.128.0.30,Client_30,CLOUD_SERVER,pc,server,103,128,1500,0.0,0,dropped,acl_blocked
19.86,10.1.75.0,10.128.0.30,Client_31,INTERNET,pc,server,104,128,1500,0.0,0,dropped,acl_blocked
19.919999999999998,10.1.76.0,10.128.0.30,Client_32,CLOUD_SERVER,pc,server,105,128,1500,0.0,0,dropped,acl_blocked
19.98,10.1.77.0,10.128.0.30,Client_33,INTERNET,pc,server,106,128,1500,0.0,0,dropped,acl_blocked
20.04,10.1.78.0,10.128.0.30,Client_34,CLOUD_SERVER,pc,server,107,128,1500,0.0,0,dropped,acl_blocked
20.099999999999998,10.1.79.0,10.128.0.30,Client_35,INTERNET,pc,server,108,128,1500,0.0,0,dropped,acl_blocked
20.16,10.1.80.0,10.128.0.30,Client_36,CLOUD_SERVER,pc,server,101,128,1500,0.0,0,dropped,acl_blocked
20.22,10.1.81.0,10.128.0.30,Client_37,INTERNET,pc,server,102,128,1500,0.0,0,dropped,acl_blocked
20.279999999999998,10.1.82.0,10.128.0.30,Client_38,CLOUD_SERVER,pc,server,103,128,1500,0.0,0,dropped,acl_blocked
20.34,10.1.83.0,10.128.0.30,Client_39,INTERNET,pc,server,104,128,1500,0.0,0,dropped,acl_blocked
20.4,10.1.84.0,10.128.0.30,Client_40,CLOUD_SERVER,pc,server,105,128,1500,0.0,0,dropped,acl_blocked
20.46,10.1.85.0,10.128.0.30,Client_41,INTERNET,pc,server,106,128,1500,0.0,0,dropped,acl_blocked
20.52,10.1.86.0,10.128.0.30,Client_42,CLOUD_SERVER,pc,server,107,128,1500,0.0,0,dropped,acl_blocked
20.58,10.1.87.0,10.128.0.30,Client_43,INTERNET,pc,server,108,128,1500,0.0,0,dropped,acl_blocked
20.64,10.1.88.0,10.128.0.30,Client_44,CLOUD_SERVER,pc,server,101,128,1500,0.0,0,dropped,acl_blocked
20.7,10.1.89.0,10.128.0.30,Client_45,INTERNET,pc,server,102,128,1500,0.0,0,dropped,acl_blocked
20.759999999999998,10.1.90.0,10.128.0.30,Client_46,CLOUD_SERVER,pc,server,103,128,1500,0.0,0,dropped,acl_blocked
20.82,10.1.91.0,10.128.0.30,Client_47,INTERNET,pc,server,104,128,1500,0.0,0,dropped,acl_blocked
20.88,10.1.92.0,10.128.0.30,Client_48,CLOUD_SERVER,pc,server,105,128,1500,0.0,0,dropped,acl_blocked
20.939999999999998,10.1.93.0,10.128.0.30,Client_49,INTERNET,pc,server,106,128,1500,0.0,0,dropped,acl_blocked
21.0,10.1.94.0,10.128.0.30,Client_50,CLOUD_SERVER,pc,server,107,128,1500,0.0,0,dropped,acl_blocked
21.06,10.1.95.0,10.128.0.30,Client_51,INTERNET,pc,server,108,128,1500,0.0,0,dropped,acl_blocked
21.119999999999997,10.1.96.0,10.128.0.30,Client_52,CLOUD_SERVER,pc,server,101,128,1500,0.0,0,dropped,acl_blocked
21.18,10.1.97.0,10.128.0.30,Client_53,INTERNET,pc,server,102,128,1500,0.0,0,dropped,acl_blocked
21.24,10.1.98.0,10.128.0.30,Client_54,CLOUD_SERVER,pc,server,103,128,1500,0.0,0,dropped,acl_blocked
21.3,10.1.99.0,10.128.0.30,Client_55,INTERNET,pc,server,104,128,1500,0.0,0,dropped,acl_blocked
21.36,10.1.100.0,10.128.0.30,Client_56,CLOUD_SERVER,pc,server,105,128,1500,0.0,0,dropped,acl_blocked
21.419999999999998,10.1.101.0,10.128.0.30,Client_57,INTERNET,pc,server,106,128,1500,0.0,0,dropped,acl_blocked
21.48,10.1.102.0,10.128.0.30,Client_58,CLOUD_SERVER,pc,server,107,128,1500,0.0,0,dropped,acl_blocked
21.54,10.1.103.0,10.128.0.30,Client_59,INTERNET,pc,server,108,128,1500,0.0,0,dropped,acl_blocked
21.599999999999998,10.1.104.0,10.128.0.30,Client_60,CLOUD_SERVER,pc,server,101,128,1500,0.0,0,dropped,acl_blocked
21.66,10.1.105.0,10.128.0.30,Client_61,INTERNET,pc,server,102,128,1500,0.0,0,dropped,acl_blocked
21.72,10.1.106.0,10.128.0.30,Client_62,CLOUD_SERVER,pc,server,103,128,1500,0.0,0,dropped,acl_blocked
21.779999999999998,10.1.107.0,10.128.0.30,Client_63,INTERNET,pc,server,104,128,1500,0.0,0,dropped,acl_blocked
21.84,10.1.108.0,10.128.0.30,Client_64,CLOUD_SERVER,pc,server,105,128,1500,0.0,0,dropped,acl_blocked
21.9,10.1.109.0,10.128.0.30,Client_65,INTERNET,pc,server,106,128,1500,0.0,0,dropped,acl_blocked
21.96,10.1.110.0,10.128.0.30,Client_66,CLOUD_SERVER,pc,server,107,128,1500,0.0,0,dropped,acl_blocked
22.02,10.1.111.0,10.128.0.30,Client_67,INTERNET,pc,server,108,128,1500,0.0,0,dropped,acl_blocked
22.08,10.1.112.0,10.128.0.30,Client_68,CLOUD_SERVER,pc,server,101,128,1500,0.0,0,dropped,acl_blocked
22.14,10.1.113.0,10.128.0.30,Client_69,INTERNET,pc,server,102,128,1500,0.0,0,dropped,acl_blocked
22.2,10.1.114.0,10.128.0.30,Client_70,CLOUD_SERVER,pc,server,103,128,1500,0.0,0,dropped,acl_blocked
22.259999999999998,10.1.115.0,10.128.0.30,Client_71,INTERNET,pc,server,104,128,1500,0.0,0,dropped,acl_blocked
22.32,10.1.116.0,10.128.0.30,Client_72,CLOUD_SERVER,pc,server,105,128,1500,0.0,0,dropped,acl_blocked
22.38,10.1.117.0,10.128.0.30,Client_73,INTERNET,pc,server,106,128,1500,0.0,0,dropped,acl_blocked
22.439999999999998,10.1.118.0,10.128.0.30,Client_74,CLOUD_SERVER,pc,server,107,128,1500,0.0,0,dropped,acl_blocked
22.5,10.1.119.0,10.128.0.30,Client_75,INTERNET,pc,server,108,128,1500,0.0,0,dropped,acl_blocked
22.56,10.1.120.0,10.128.0.30,Client_76,CLOUD_SERVER,pc,server,101,128,1500,0.0,0,dropped,acl_blocked
22.619999999999997,10.1.121.0,10.128.0.30,Client_77,INTERNET,pc,server,102,128,1500,0.0,0,dropped,acl_blocked
22.68,10.1.122.0,10.128.0.30,Client_78,CLOUD_SERVER,pc,server,103,128,1500,0.0,0,dropped,acl_blocked
22.74,10.1.123.0,10.128.0.30,Client_79,INTERNET,pc,server,104,128,1500,0.0,0,dropped,acl_blocked
22.8,10.1.124.0,10.128.0.30,Client_80,CLOUD_SERVER,pc,server,105,128,1500,0.0,0,dropped,acl_blocked
22.86,10.1.125.0,10.128.0.30,Client_81,INTERNET,pc,server,106,128,1500,0.0,0,dropped,acl_blocked
22.919999999999998,10.1.126.0,10.128.0.30,Client_82,CLOUD_SERVER,pc,server,107,128,1500,0.0,0,dropped,acl_blocked
22.98,10.1.127.0,10.128.0.30,Client_83,INTERNET,pc,server,108,128,1500,0.0,0,dropped,acl_blocked
23.04,10.1.128.0,10.128.0.30,Client_84,CLOUD_SERVER,pc,server,101,128,1500,0.0,0,dropped,acl_blocked
23.099999999999998,10.1.129.0,10.128.0.30,Client_85,INTERNET,pc,server,102,128,1500,0.0,0,dropped,acl_blocked
23.16,10.1.130.0,10.128.0.30,Client_86,CLOUD_SERVER,pc,server,103,128,1500,0.0,0,dropped,acl_blocked
23.22,10.1.131.0,10.128.0.30,Client_87,INTERNET,pc,server,104,128,1500,0.0,0,dropped,acl_blocked
23.279999999999998,10.1.132.0,10.128.0.30,Client_88,CLOUD_SERVER,pc,server,105,128,1500,0.0,0,dropped,acl_blocked
23.34,10.1.133.0,10.128.0.30,Client_89,INTERNET,pc,server,106,128,1500,0.0,0,dropped,acl_blocked
23.4,10.1.134.0,10.128.0.30,Client_90,CLOUD_SERVER,pc,server,107,128,1500,0.0,0,dropped,acl_blocked
23.46,10.1.135.0,10.128.0.30,Client_91,INTERNET,pc,server,108,128,1500,0.0,0,dropped,acl_blocked
23.52,10.1.136.0,10.128.0.30,Client_92,CLOUD_SERVER,pc,server,101,128,1500,0.0,0,dropped,acl_blocked
23.58,10.1.137.0,10.128.0.30,Client_93,INTERNET,pc,server,102,128,1500,0.0,0,dropped,acl_blocked
23.64,10.1.138.0,10.128.0.30,Client_94,CLOUD_SERVER,pc,server,103,128,1500,0.0,0,dropped,acl_blocked
23.7,10.1.139.0,10.128.0.30,Client_95,INTERNET,pc,server,104,128,1500,0.0,0,dropped,acl_blocked
23.759999999999998,10.1.140.0,10.128.0.30,Client_96,CLOUD_SERVER,pc,server,105,128,1500,0.0,0,dropped,acl_blocked
23.82,10.1.141.0,10.128.0.30,Client_97,INTERNET,pc,server,106,128,1500,0.0,0,dropped,acl_blocked
23.88,10.1.142.0,10.128.0.30,Client_98,CLOUD_SERVER,pc,server,107,128,1500,0.0,0,dropped,acl_blocked
23.939999999999998,10.1.143.0,10.128.0.30,Client_99,INTERNET,pc,server,108,128,1500,0.0,0,dropped,acl_blocked
24.0,10.1.144.0,10.128.0.30,Client_0,CLOUD_SERVER,pc,server,101,128,1500,0.0,0,dropped,acl_blocked
24.06,10.1.145.0,10.128.0.30,Client_1,INTERNET,pc,server,102,128,1500,0.0,0,dropped,acl_blocked
24.119999999999997,10.1.146.0,10.128.0.30,Client_2,CLOUD_SERVER,pc,server,103,128,1500,0.0,0,dropped,acl_blocked
24.18,10.1.147.0,10.128.0.30,Client_3,INTERNET,pc,server,104,128,1500,0.0,0,dropped,acl_blocked
24.24,10.1.148.0,10.128.0.30,Client_4,CLOUD_SERVER,pc,server,105,128,1500,0.0,0,dropped,acl_blocked
24.3,10.1.149.0,10.128.0.30,Client_5,INTERNET,pc,server,106,128,1500,0.0,0,dropped,acl_blocked
24.36,10.1.150.0,10.128.0.30,Client_6,CLOUD_SERVER,pc,server,107,128,1500,0.0,0,dropped,acl_blocked
24.419999999999998,10.1.151.0,10.128.0.30,Client_7,INTERNET,pc,server,108,128,1500,0.0,0,dropped,acl_blocked
24.48,10.1.152.0,10.128.0.30,Client_8,CLOUD_SERVER,pc,server,101,128,1500,0.0,0,dropped,acl_blocked
24.54,10.1.153.0,10.128.0.30,Client_9,INTERNET,pc,server,102,128,1500,0.0,0,dropped,acl_blocked
24.599999999999998,10.1.154.0,10.128.0.30,Client_10,CLOUD_SERVER,pc,server,103,128,1500,0.0,0,dropped,acl_blocked
24.66,10.1.155.0,10.128.0.30,Client_11,INTERNET,pc,server,104,128,1500,0.0,0,dropped,acl_blocked
24.72,10.1.156.0,10.128.0.30,Client_12,CLOUD_SERVER,pc,server,105,128,1500,0.0,0,dropped,acl_blocked
24.779999999999998,10.1.157.0,10.128.0.30,Client_13,INTERNET,pc,server,106,128,1500,0.0,0,dropped,acl_blocked
24.84,10.1.158.0,10.128.0.30,Client_14,CLOUD_SERVER,pc,server,107,128,1500,0.0,0,dropped,acl_blocked
24.9,10.1.159.0,10.128.0.30,Client_15,INTERNET,pc,server,108,128,1500,0.0,0,dropped,acl_blocked
24.96,10.1.160.0,10.128.0.30,Client_16,CLOUD_SERVER,pc,server,101,128,1500,0.0,0,dropped,acl_blocked
25.02,10.1.161.0,10.128.0.30,Client_17,INTERNET,pc,server,102,128,1500,0.0,0,dropped,acl_blocked
25.08,10.1.162.0,10.128.0.30,Client_18,CLOUD_SERVER,pc,server,103,128,1500,0.0,0,dropped,acl_blocked
25.14,10.1.163.0,10.128.0.30,Client_19,INTERNET,pc,server,104,128,1500,0.0,0,dropped,acl_blocked
25.2,10.1.164.0,10.128.0.30,Client_20,CLOUD_SERVER,pc,server,105,128,1500,0.0,0,dropped,acl_blocked
25.259999999999998,10.1.165.0,10.128.0.30,Client_21,INTERNET,pc,server,106,128,1500,0.0,0,dropped,acl_blocked
25.32,10.1.166.0,10.128.0.30,Client_22,CLOUD_SERVER,pc,server,107,128,1500,0.0,0,dropped,acl_blocked
25.38,10.1.167.0,10.128.0.30,Client_23,INTERNET,pc,server,108,128,1500,0.0,0,dropped,acl_blocked
25.439999999999998,10.1.168.0,10.128.0.30,Client_24,CLOUD_SERVER,pc,server,101,128,1500,0.0,0,dropped,acl_blocked
25.5,10.1.169.0,10.128.0.30,Client_25,INTERNET,pc,server,102,128,1500,0.0,0,dropped,acl_blocked
25.56,10.1.170.0,10.128.0.30,Client_26,CLOUD_SERVER,pc,server,103,128,1500,0.0,0,dropped,acl_blocked
25.619999999999997,10.1.171.0,10.128.0.30,Client_27,INTERNET,pc,server,104,128,1500,0.0,0,dropped,acl_blocked
25.68,10.1.172.0,10.128.0.30,Client_28,CLOUD_SERVER,pc,server,105,128,1500,0.0,0,dropped,acl_blocked
25.74,10.1.173.0,10.128.0.30,Client_29,INTERNET,pc,server,106,128,1500,0.0,0,dropped,acl_blocked
